{"cameraMode":{"drawMode":0,"name":"Shaded","section":"Shading Mode"},"sceneLighting":true,"audioPlay":false,"sceneViewState":{"m_AlwaysRefresh":false,"showFog":true,"showSkybox":true,"showFlares":true,"showImageEffects":true,"showParticleSystems":true,"showVisualEffectGraphs":true,"m_FxEnabled":true},"in2DMode":false,"pivot":{"x":-23.798128128051759,"y":5.004030227661133,"z":-9.137275695800782},"rotation":{"x":-0.015634659677743913,"y":-0.7832850813865662,"z":-0.019749144092202188,"w":0.6211706399917603},"size":16.877477645874025,"orthographic":false}