{"cameraMode":{"drawMode":0,"name":"Shaded","section":"Shading Mode"},"sceneLighting":true,"audioPlay":false,"sceneViewState":{"m_AlwaysRefresh":false,"showFog":true,"showSkybox":true,"showFlares":true,"showImageEffects":true,"showParticleSystems":true,"showVisualEffectGraphs":true,"m_FxEnabled":true},"in2DMode":false,"pivot":{"x":31.139131546020509,"y":-13.258859634399414,"z":-11.82688045501709},"rotation":{"x":0.16358481347560883,"y":0.8225188255310059,"z":-0.29310712218284609,"w":0.4591361880302429},"size":16.877477645874025,"orthographic":false}